time,.gACT,.gMOD,.gGTO,.gIMC,.gSTA,.gDTA,.gDTB,.gDTC,.gDTS,.gFLT,.gPRA,.gPOA,.gCUA,.gPRB,.gPOB,.gCUB,.gPRC,.gPOC,.gCUC,.gPRS,.gPOS,.gCUS
2022/08/05/09:37:46.119694,1,0,1,3,3,3,3,3,3,0,0,6,0,0,6,0,0,6,0,0,137,0
2022/08/05/09:37:46.228841,1,0,1,3,3,3,3,3,3,0,0,6,0,0,6,0,0,6,0,0,137,0
2022/08/05/09:37:46.336803,1,0,1,3,3,3,3,3,3,0,0,6,0,0,6,0,0,6,0,0,137,0
2022/08/05/09:37:46.446134,1,0,1,3,3,3,3,3,3,0,0,6,0,0,6,0,0,6,0,0,137,0
2022/08/05/09:37:46.554842,1,0,1,3,3,3,3,3,3,0,0,6,0,0,6,0,0,6,0,0,137,0
2022/08/05/09:37:46.664814,1,0,1,3,3,3,3,3,3,0,0,6,0,0,6,0,0,6,0,0,137,0
2022/08/05/09:37:46.773695,1,0,1,3,3,3,3,3,3,0,0,6,0,0,6,0,0,6,0,0,137,0
2022/08/05/09:37:46.887666,1,0,1,3,3,3,3,3,3,0,0,6,0,0,6,0,0,6,0,0,137,0
2022/08/05/09:37:46.999264,1,0,1,3,3,3,3,3,3,0,0,6,0,0,6,0,0,6,0,0,137,0
2022/08/05/09:37:47.109630,1,0,1,3,3,3,3,3,3,0,0,6,0,0,6,0,0,6,0,0,137,0
2022/08/05/09:37:47.220735,1,0,1,3,3,3,3,3,3,0,0,6,0,0,6,0,0,6,0,0,137,0
2022/08/05/09:37:47.334328,1,0,1,3,3,3,3,3,3,0,0,6,0,0,6,0,0,6,0,0,137,0
2022/08/05/09:37:47.456526,1,0,1,3,3,3,3,3,3,0,0,6,0,0,6,0,0,6,0,0,137,0
2022/08/05/09:37:47.569029,1,0,1,3,3,3,3,3,3,0,0,6,0,0,6,0,0,6,0,0,137,0
2022/08/05/09:37:47.682422,1,0,1,3,3,3,3,3,3,0,0,6,0,0,6,0,0,6,0,0,137,0
2022/08/05/09:37:47.796739,1,0,1,3,3,3,3,3,3,0,0,6,0,0,6,0,0,6,0,0,137,0
2022/08/05/09:37:47.906966,1,0,1,3,3,3,3,3,3,0,0,6,0,0,6,0,0,6,0,0,137,0
2022/08/05/09:37:48.018250,1,0,1,3,3,3,3,3,3,0,0,6,0,0,6,0,0,6,0,0,137,0
2022/08/05/09:37:48.128742,1,0,1,3,3,3,3,3,3,0,0,6,0,0,6,0,0,6,0,0,137,0
2022/08/05/09:37:48.258570,1,0,1,3,3,3,3,3,3,0,0,6,0,0,6,0,0,6,0,0,137,0
2022/08/05/09:37:48.390051,1,0,1,3,3,3,3,3,3,0,0,6,0,0,6,0,0,6,0,0,137,0
2022/08/05/09:37:48.525081,1,0,1,3,3,3,3,3,3,0,0,6,0,0,6,0,0,6,0,0,137,0
2022/08/05/09:37:48.646008,1,0,1,3,3,3,3,3,3,0,0,6,0,0,6,0,0,6,0,0,137,0
2022/08/05/09:37:48.768956,1,0,1,3,3,3,3,3,3,0,0,6,0,0,6,0,0,6,0,0,137,0
2022/08/05/09:37:48.896928,1,0,1,3,3,3,3,3,3,0,0,6,0,0,6,0,0,6,0,0,137,0
2022/08/05/09:37:49.007308,1,0,1,3,3,3,3,3,3,0,0,6,0,0,6,0,0,6,0,0,137,0
2022/08/05/09:37:49.141303,1,0,1,3,3,3,3,3,3,0,0,6,0,0,6,0,0,6,0,0,137,0
2022/08/05/09:37:49.260377,1,0,1,3,3,3,3,3,3,0,0,6,0,0,6,0,0,6,0,0,137,0
2022/08/05/09:37:49.380955,1,0,1,3,3,3,3,3,3,0,0,6,0,0,6,0,0,6,0,0,137,0
2022/08/05/09:37:49.510976,1,0,1,3,3,3,3,3,3,0,0,6,0,0,6,0,0,6,0,0,137,0
2022/08/05/09:37:49.625890,1,0,1,3,3,3,3,3,3,0,0,6,0,0,6,0,0,6,0,0,137,0
2022/08/05/09:37:49.771282,1,0,1,3,3,3,3,3,3,0,0,6,0,0,6,0,0,6,0,0,137,0
2022/08/05/09:37:49.910538,1,0,1,3,3,3,3,3,3,0,0,6,0,0,6,0,0,6,0,0,137,0
2022/08/05/09:37:50.033788,1,0,1,3,3,3,3,3,3,0,0,6,0,0,6,0,0,6,0,0,137,0
2022/08/05/09:37:50.162185,1,0,1,3,3,3,3,3,3,0,0,6,0,0,6,0,0,6,0,0,137,0
2022/08/05/09:37:50.272917,1,0,1,3,3,3,3,3,3,0,0,6,0,0,6,0,0,6,0,0,137,0
2022/08/05/09:37:50.398814,1,0,1,3,3,3,3,3,3,0,0,6,0,0,6,0,0,6,0,0,137,0
2022/08/05/09:37:50.509665,1,0,1,3,3,3,3,3,3,0,0,6,0,0,6,0,0,6,0,0,137,0
2022/08/05/09:37:50.625893,1,0,1,3,3,3,3,3,3,0,0,6,0,0,6,0,0,6,0,0,137,0
2022/08/05/09:37:50.741153,1,0,1,3,3,3,3,3,3,0,0,6,0,0,6,0,0,6,0,0,137,0
2022/08/05/09:37:50.854513,1,0,1,3,3,3,3,3,3,0,0,6,0,0,6,0,0,6,0,0,137,0
2022/08/05/09:37:50.966007,1,0,1,3,3,3,3,3,3,0,0,6,0,0,6,0,0,6,0,0,137,0
2022/08/05/09:37:51.097526,1,0,1,3,3,3,3,3,3,0,0,6,0,0,6,0,0,6,0,0,137,0
2022/08/05/09:37:51.209540,1,0,1,3,3,3,3,3,3,0,0,6,0,0,6,0,0,6,0,0,137,0
2022/08/05/09:37:51.326953,1,0,1,3,3,3,3,3,3,0,0,6,0,0,6,0,0,6,0,0,137,0
2022/08/05/09:37:51.445349,1,0,1,3,3,3,3,3,3,0,0,6,0,0,6,0,0,6,0,0,137,0
2022/08/05/09:37:51.561865,1,0,1,3,3,3,3,3,3,0,0,6,0,0,6,0,0,6,0,0,137,0
2022/08/05/09:37:51.684782,1,0,1,3,3,3,3,3,3,0,0,6,0,0,6,0,0,6,0,0,137,0
2022/08/05/09:37:51.805646,1,0,1,3,3,3,3,3,3,0,0,6,0,0,6,0,0,6,0,0,137,0
2022/08/05/09:37:51.940397,1,0,1,3,3,3,3,3,3,0,0,6,0,0,6,0,0,6,0,0,137,0
2022/08/05/09:37:52.055809,1,0,1,3,3,3,3,3,3,0,0,6,0,0,6,0,0,6,0,0,137,0
2022/08/05/09:37:52.173387,1,0,1,3,3,3,3,3,3,0,0,6,0,0,6,0,0,6,0,0,137,0
2022/08/05/09:37:52.285960,1,0,1,3,3,3,3,3,3,0,0,6,0,0,6,0,0,6,0,0,137,0
2022/08/05/09:37:52.411702,1,0,1,3,3,3,3,3,3,0,0,6,0,0,6,0,0,6,0,0,137,0
2022/08/05/09:37:52.525612,1,0,1,3,3,3,3,3,3,0,0,6,0,0,6,0,0,6,0,0,137,0
2022/08/05/09:37:52.653826,1,0,1,3,3,3,3,3,3,0,0,6,0,0,6,0,0,6,0,0,137,0
2022/08/05/09:37:52.784440,1,0,1,3,3,3,3,3,3,0,0,6,0,0,6,0,0,6,0,0,137,0
2022/08/05/09:37:52.916174,1,0,1,3,3,3,3,3,3,0,0,6,0,0,6,0,0,6,0,0,137,0
2022/08/05/09:37:53.057705,1,0,1,3,3,3,3,3,3,0,0,6,0,0,6,0,0,6,0,0,137,0
2022/08/05/09:37:53.183968,1,0,1,3,0,0,0,0,3,0,120,7,1,0,7,1,0,7,1,0,137,0
2022/08/05/09:37:53.296574,1,0,1,3,0,0,0,0,3,0,120,9,2,0,9,2,0,9,2,0,137,0
2022/08/05/09:37:53.409757,1,0,1,3,0,0,0,0,3,0,120,12,2,0,12,2,0,12,2,0,137,0
2022/08/05/09:37:53.523382,1,0,1,3,0,0,0,0,3,0,120,15,2,0,15,2,0,15,2,0,137,0
2022/08/05/09:37:53.639927,1,0,1,3,0,0,0,0,3,0,120,18,2,0,18,2,0,18,2,0,137,0
2022/08/05/09:37:53.756059,1,0,1,3,0,0,0,0,3,0,120,21,2,0,20,2,0,20,2,0,137,0
2022/08/05/09:37:53.866952,1,0,1,3,0,0,0,0,3,0,120,23,2,0,23,2,0,23,2,0,137,0
2022/08/05/09:37:53.990953,1,0,1,3,0,0,0,0,3,0,120,27,2,0,26,2,0,26,2,0,137,0
2022/08/05/09:37:54.113901,1,0,1,3,0,0,0,0,3,0,120,30,2,0,29,2,0,29,2,0,137,0
2022/08/05/09:37:54.304800,1,0,1,3,0,0,0,0,3,0,120,34,2,0,34,2,0,34,2,0,137,0
2022/08/05/09:37:54.419622,1,0,1,3,0,0,0,0,3,0,120,37,2,0,37,2,0,37,2,0,137,0
2022/08/05/09:37:54.567225,1,0,1,3,0,0,0,0,3,0,120,41,2,0,41,2,0,41,2,0,137,0
2022/08/05/09:37:54.685913,1,0,1,3,0,0,0,0,3,0,120,44,2,0,44,2,0,44,2,0,137,0
2022/08/05/09:37:54.871761,1,0,1,3,0,0,0,0,3,0,120,49,2,0,49,2,0,49,2,0,137,0
2022/08/05/09:37:55.011567,1,0,1,3,0,0,0,0,3,0,120,52,2,0,52,2,0,52,2,0,137,0
2022/08/05/09:37:55.129496,1,0,1,3,0,0,0,0,3,0,120,55,2,0,55,2,0,55,2,0,137,0
2022/08/05/09:37:55.241422,1,0,1,3,0,0,0,0,3,0,120,58,2,0,58,2,0,58,2,0,137,0
2022/08/05/09:37:55.353315,1,0,1,3,0,0,0,0,3,0,120,60,2,0,60,2,0,60,2,0,137,0
2022/08/05/09:37:55.525641,1,0,1,3,0,0,0,0,3,0,120,64,16,0,64,8,0,64,6,0,137,0
2022/08/05/09:37:55.638929,1,0,1,3,0,2,0,0,3,0,120,64,0,0,66,26,0,66,17,0,137,0
2022/08/05/09:37:55.751279,1,0,1,3,0,2,2,0,3,0,120,64,0,0,66,0,0,67,0,0,137,0
2022/08/05/09:37:55.863509,1,0,1,3,2,2,2,2,3,0,120,64,0,0,66,0,0,67,0,0,137,0
2022/08/05/09:37:55.975552,1,0,1,3,2,2,2,2,3,0,120,64,0,0,66,0,0,67,0,0,137,0
2022/08/05/09:37:56.088109,1,0,1,3,2,2,2,2,3,0,120,64,0,0,66,0,0,67,0,0,137,0
2022/08/05/09:37:56.209771,1,0,1,3,2,2,2,2,3,0,120,64,0,0,66,0,0,67,0,0,137,0
2022/08/05/09:37:56.327563,1,0,1,3,2,2,2,2,3,0,120,64,0,0,66,0,0,67,0,0,137,0
2022/08/05/09:37:56.458418,1,0,1,3,2,2,2,2,3,0,120,64,0,0,66,0,0,67,0,0,137,0
2022/08/05/09:37:56.576417,1,0,1,3,2,2,2,2,3,0,120,64,0,0,66,0,0,67,0,0,137,0
2022/08/05/09:37:56.697639,1,0,1,3,2,2,2,2,3,0,120,64,0,0,66,0,0,67,0,0,137,0
2022/08/05/09:37:56.813436,1,0,1,3,2,2,2,2,3,0,120,64,0,0,66,0,0,67,0,0,137,0
2022/08/05/09:37:56.940659,1,0,1,3,2,2,2,2,3,0,120,64,0,0,66,0,0,67,0,0,137,0
2022/08/05/09:37:57.076813,1,0,1,3,2,2,2,2,3,0,120,64,0,0,66,0,0,67,0,0,137,0
2022/08/05/09:37:57.202647,1,0,1,3,2,2,2,2,3,0,120,64,0,0,66,0,0,67,0,0,137,0
2022/08/05/09:37:57.315487,1,0,1,3,2,2,2,2,3,0,120,64,0,0,66,0,0,67,0,0,137,0
2022/08/05/09:37:57.428703,1,0,1,3,2,2,2,2,3,0,120,64,0,0,66,0,0,67,0,0,137,0
2022/08/05/09:37:57.557356,1,0,1,3,2,2,2,2,3,0,120,64,0,0,66,0,0,67,0,0,137,0
2022/08/05/09:37:57.669242,1,0,1,3,2,2,2,2,3,0,120,64,0,0,66,0,0,67,0,0,137,0
2022/08/05/09:37:57.789675,1,0,1,3,0,0,0,0,3,0,0,64,6,0,66,5,0,67,5,0,137,0
2022/08/05/09:37:57.903177,1,0,1,3,0,0,0,0,3,0,0,62,2,0,64,2,0,65,2,0,137,0
2022/08/05/09:37:58.027808,1,0,1,3,0,0,0,0,3,0,0,58,2,0,60,2,0,62,2,0,137,0
2022/08/05/09:37:58.145696,1,0,1,3,0,0,0,0,3,0,0,55,2,0,58,2,0,59,2,0,137,0
2022/08/05/09:37:58.263375,1,0,1,3,0,0,0,0,3,0,0,52,2,0,55,2,0,56,2,0,137,0
2022/08/05/09:37:58.393835,1,0,1,3,0,0,0,0,3,0,0,49,2,0,52,2,0,53,2,0,137,0
2022/08/05/09:37:58.520958,1,0,1,3,0,0,0,0,3,0,0,46,2,0,48,2,0,50,2,0,137,0
2022/08/05/09:37:58.632638,1,0,1,3,0,0,0,0,3,0,0,43,2,0,45,2,0,47,2,0,137,0
2022/08/05/09:37:58.755336,1,0,1,3,0,0,0,0,3,0,0,40,2,0,42,2,0,44,2,0,137,0
2022/08/05/09:37:58.868501,1,0,1,3,0,0,0,0,3,0,0,37,2,0,40,2,0,41,2,0,137,0
2022/08/05/09:37:58.982222,1,0,1,3,0,0,0,0,3,0,0,34,2,0,37,2,0,38,2,0,137,0
2022/08/05/09:37:59.094799,1,0,1,3,0,0,0,0,3,0,0,31,2,0,34,2,0,35,2,0,137,0
2022/08/05/09:37:59.223142,1,0,1,3,0,0,0,0,3,0,0,28,2,0,31,2,0,32,2,0,137,0
2022/08/05/09:37:59.339568,1,0,1,3,0,0,0,0,3,0,0,25,2,0,28,2,0,29,2,0,137,0
2022/08/05/09:37:59.453407,1,0,1,3,0,0,0,0,3,0,0,22,3,0,25,2,0,26,2,0,137,0
2022/08/05/09:37:59.567509,1,0,1,3,0,0,0,0,3,0,0,20,2,0,22,2,0,23,2,0,137,0
2022/08/05/09:37:59.695256,1,0,1,3,0,0,0,0,3,0,0,16,2,0,19,2,0,20,2,0,137,0
2022/08/05/09:37:59.820547,1,0,1,3,0,0,0,0,3,0,0,13,2,0,16,2,0,17,2,0,137,0
2022/08/05/09:37:59.969682,1,0,1,3,0,0,0,0,3,0,0,10,2,0,13,2,0,14,2,0,137,0
2022/08/05/09:38:00.091316,1,0,1,3,0,3,0,0,3,0,0,7,1,0,10,2,0,11,2,0,137,0
2022/08/05/09:38:00.210527,1,0,1,3,0,3,3,0,3,0,0,6,0,0,6,0,0,7,2,0,137,0
2022/08/05/09:38:00.324849,1,0,1,3,3,3,3,3,3,0,0,6,0,0,6,0,0,6,0,0,137,0
2022/08/05/09:38:00.435762,1,0,1,3,3,3,3,3,3,0,0,6,0,0,6,0,0,6,0,0,137,0
2022/08/05/09:38:00.549773,1,0,1,3,3,3,3,3,3,0,0,6,0,0,6,0,0,6,0,0,137,0
2022/08/05/09:38:00.679886,1,0,1,3,3,3,3,3,3,0,0,6,0,0,6,0,0,6,0,0,137,0
2022/08/05/09:38:00.802770,1,0,1,3,3,3,3,3,3,0,0,6,0,0,6,0,0,6,0,0,137,0
2022/08/05/09:38:00.937114,1,0,1,3,3,3,3,3,3,0,0,6,0,0,6,0,0,6,0,0,137,0
2022/08/05/09:38:01.051107,1,0,1,3,3,3,3,3,3,0,0,6,0,0,6,0,0,6,0,0,137,0
2022/08/05/09:38:01.164001,1,0,1,3,3,3,3,3,3,0,0,6,0,0,6,0,0,6,0,0,137,0
2022/08/05/09:38:01.277348,1,0,1,3,3,3,3,3,3,0,0,6,0,0,6,0,0,6,0,0,137,0
2022/08/05/09:38:01.392606,1,0,1,3,3,3,3,3,3,0,0,6,0,0,6,0,0,6,0,0,137,0
2022/08/05/09:38:01.505573,1,0,1,3,3,3,3,3,3,0,0,6,0,0,6,0,0,6,0,0,137,0
2022/08/05/09:38:01.618219,1,0,1,3,3,3,3,3,3,0,0,6,0,0,6,0,0,6,0,0,137,0
2022/08/05/09:38:01.731029,1,0,1,3,3,3,3,3,3,0,0,6,0,0,6,0,0,6,0,0,137,0
2022/08/05/09:38:01.844249,1,0,1,3,3,3,3,3,3,0,0,6,0,0,6,0,0,6,0,0,137,0
2022/08/05/09:38:01.957891,1,0,1,3,3,3,3,3,3,0,0,6,0,0,6,0,0,6,0,0,137,0
2022/08/05/09:38:02.077071,1,0,1,3,3,3,3,3,3,0,0,6,0,0,6,0,0,6,0,0,137,0
2022/08/05/09:38:02.197236,1,0,1,3,3,3,3,3,3,0,0,6,0,0,6,0,0,6,0,0,137,0
2022/08/05/09:38:02.313949,1,0,1,3,3,3,3,3,3,0,0,6,0,0,6,0,0,6,0,0,137,0
2022/08/05/09:38:02.432852,1,0,1,3,3,3,3,3,3,0,0,6,0,0,6,0,0,6,0,0,137,0
2022/08/05/09:38:02.575193,1,0,1,3,3,3,3,3,3,0,0,6,0,0,6,0,0,6,0,0,137,0
2022/08/05/09:38:02.688680,1,0,1,3,3,3,3,3,3,0,0,6,0,0,6,0,0,6,0,0,137,0
2022/08/05/09:38:02.806991,1,0,1,3,3,3,3,3,3,0,0,6,0,0,6,0,0,6,0,0,137,0
2022/08/05/09:38:02.930378,1,0,1,3,3,3,3,3,3,0,0,6,0,0,6,0,0,6,0,0,137,0
2022/08/05/09:38:03.041317,1,0,1,3,0,0,0,0,3,0,120,7,1,0,6,1,0,7,1,0,137,0
2022/08/05/09:38:03.213176,1,0,1,3,0,0,0,0,3,0,120,10,2,0,10,2,0,10,2,0,137,0
2022/08/05/09:38:03.322958,1,0,1,3,0,0,0,0,3,0,120,13,2,0,12,2,0,12,2,0,137,0
2022/08/05/09:38:03.442127,1,0,1,3,0,0,0,0,3,0,120,16,2,0,16,2,0,16,2,0,137,0
2022/08/05/09:38:03.562574,1,0,1,3,0,0,0,0,3,0,120,19,2,0,19,2,0,19,2,0,137,0
2022/08/05/09:38:03.686177,1,0,1,3,0,0,0,0,3,0,120,22,2,0,22,2,0,22,2,0,137,0
2022/08/05/09:38:03.798752,1,0,1,3,0,0,0,0,3,0,120,25,2,0,25,2,0,25,2,0,137,0
2022/08/05/09:38:03.910017,1,0,1,3,0,0,0,0,3,0,120,28,2,0,27,2,0,27,2,0,137,0
2022/08/05/09:38:04.020875,1,0,1,3,0,0,0,0,3,0,120,30,2,0,30,2,0,30,2,0,137,0
2022/08/05/09:38:04.140007,1,0,1,3,0,0,0,0,3,0,120,33,2,0,33,2,0,33,2,0,137,0
2022/08/05/09:38:04.254287,1,0,1,3,0,0,0,0,3,0,120,36,2,0,36,2,0,36,2,0,137,0
2022/08/05/09:38:04.365471,1,0,1,3,0,0,0,0,3,0,120,39,2,0,39,2,0,39,2,0,137,0
2022/08/05/09:38:04.473091,1,0,1,3,0,0,0,0,3,0,120,42,2,0,42,2,0,42,2,0,137,0
2022/08/05/09:38:04.583809,1,0,1,3,0,0,0,0,3,0,120,44,2,0,44,2,0,44,2,0,137,0
2022/08/05/09:38:04.694243,1,0,1,3,0,0,0,0,3,0,120,47,2,0,47,2,0,47,2,0,137,0
2022/08/05/09:38:04.810533,1,0,1,3,0,0,0,0,3,0,120,50,2,0,50,2,0,50,2,0,137,0
2022/08/05/09:38:04.929535,1,0,1,3,0,0,0,0,3,0,120,53,2,0,53,2,0,53,2,0,137,0
2022/08/05/09:38:05.042238,1,0,1,3,0,0,0,0,3,0,120,56,2,0,56,2,0,56,2,0,137,0
2022/08/05/09:38:05.161079,1,0,1,3,0,0,0,0,3,0,120,59,2,0,59,2,0,59,2,0,137,0
2022/08/05/09:38:05.277287,1,0,1,3,0,0,0,0,3,0,120,62,2,0,62,2,0,62,3,0,137,0
2022/08/05/09:38:05.390568,1,0,1,3,0,0,0,0,3,0,120,64,13,0,64,6,0,64,8,0,137,0
2022/08/05/09:38:05.499871,1,0,1,3,0,2,0,0,3,0,120,64,0,0,66,20,0,66,19,0,137,0
2022/08/05/09:38:05.613873,1,0,1,3,2,2,2,2,3,0,120,64,0,0,67,0,0,67,0,0,137,0
2022/08/05/09:38:05.725972,1,0,1,3,2,2,2,2,3,0,120,64,0,0,67,0,0,67,0,0,137,0
2022/08/05/09:38:05.857175,1,0,1,3,2,2,2,2,3,0,120,64,0,0,67,0,0,67,0,0,137,0
2022/08/05/09:38:05.982382,1,0,1,3,2,2,2,2,3,0,120,64,0,0,67,0,0,67,0,0,137,0
2022/08/05/09:38:06.099571,1,0,1,3,2,2,2,2,3,0,120,64,0,0,67,0,0,67,0,0,137,0
2022/08/05/09:38:06.226491,1,0,1,3,2,2,2,2,3,0,120,64,0,0,67,0,0,67,0,0,137,0
2022/08/05/09:38:06.341974,1,0,1,3,2,2,2,2,3,0,120,64,0,0,67,0,0,67,0,0,137,0
2022/08/05/09:38:06.457646,1,0,1,3,2,2,2,2,3,0,120,64,0,0,67,0,0,67,0,0,137,0
2022/08/05/09:38:06.572891,1,0,1,3,2,2,2,2,3,0,120,64,0,0,67,0,0,67,0,0,137,0
2022/08/05/09:38:06.688760,1,0,1,3,2,2,2,2,3,0,120,64,0,0,67,0,0,67,0,0,137,0
2022/08/05/09:38:06.805491,1,0,1,3,2,2,2,2,3,0,120,64,0,0,67,0,0,67,0,0,137,0
2022/08/05/09:38:06.919993,1,0,1,3,2,2,2,2,3,0,120,64,0,0,67,0,0,67,0,0,137,0
2022/08/05/09:38:07.066674,1,0,1,3,2,2,2,2,3,0,120,64,0,0,67,0,0,67,0,0,137,0
2022/08/05/09:38:07.188211,1,0,1,3,2,2,2,2,3,0,120,64,0,0,67,0,0,67,0,0,137,0
2022/08/05/09:38:07.317477,1,0,1,3,0,0,0,0,3,0,0,64,7,0,66,5,0,67,6,0,137,0
2022/08/05/09:38:07.434815,1,0,1,3,0,0,0,0,3,0,0,62,2,0,64,2,0,64,2,0,137,0
2022/08/05/09:38:07.572663,1,0,1,3,0,0,0,0,3,0,0,58,2,0,60,2,0,61,2,0,137,0
2022/08/05/09:38:07.698916,1,0,1,3,0,0,0,0,3,0,0,55,2,0,57,2,0,58,2,0,137,0
2022/08/05/09:38:07.818464,1,0,1,3,0,0,0,0,3,0,0,52,2,0,54,2,0,55,2,0,137,0
2022/08/05/09:38:07.930291,1,0,1,3,0,0,0,0,3,0,0,49,2,0,51,2,0,52,2,0,137,0
2022/08/05/09:38:08.040045,1,0,1,3,0,0,0,0,3,0,0,46,2,0,48,2,0,49,2,0,137,0
2022/08/05/09:38:08.150757,1,0,1,3,0,0,0,0,3,0,0,43,2,0,46,2,0,46,2,0,137,0
2022/08/05/09:38:08.265199,1,0,1,3,0,0,0,0,3,0,0,40,2,0,43,2,0,44,2,0,137,0
2022/08/05/09:38:08.377568,1,0,1,3,0,0,0,0,3,0,0,38,2,0,40,2,0,41,2,0,137,0
2022/08/05/09:38:08.488481,1,0,1,3,0,0,0,0,3,0,0,35,2,0,38,2,0,38,2,0,137,0
2022/08/05/09:38:08.605930,1,0,1,3,0,0,0,0,3,0,0,32,2,0,35,2,0,35,2,0,137,0
2022/08/05/09:38:08.719781,1,0,1,3,0,0,0,0,3,0,0,29,2,0,32,2,0,32,2,0,137,0
2022/08/05/09:38:08.831044,1,0,1,3,0,0,0,0,3,0,0,26,2,0,29,2,0,30,2,0,137,0
2022/08/05/09:38:08.942756,1,0,1,3,0,0,0,0,3,0,0,23,2,0,26,2,0,27,2,0,137,0
2022/08/05/09:38:09.061125,1,0,1,3,0,0,0,0,3,0,0,20,2,0,23,2,0,24,2,0,137,0
2022/08/05/09:38:09.175809,1,0,1,3,0,0,0,0,3,0,0,17,2,0,21,2,0,21,2,0,137,0
2022/08/05/09:38:09.317857,1,0,1,3,0,0,0,0,3,0,0,14,2,0,17,2,0,18,2,0,137,0
2022/08/05/09:38:09.434525,1,0,1,3,0,0,0,0,3,0,0,11,2,0,14,2,0,15,2,0,137,0
2022/08/05/09:38:09.543761,1,0,1,3,0,0,0,0,3,0,0,8,2,0,11,2,0,12,2,0,137,0
2022/08/05/09:38:09.659467,1,0,1,3,0,3,0,0,3,0,0,6,1,0,9,2,0,9,2,0,137,0
2022/08/05/09:38:09.774339,1,0,1,3,0,3,3,3,3,0,0,6,0,0,7,0,0,7,0,0,137,0
2022/08/05/09:38:09.889014,1,0,1,3,3,3,3,3,3,0,0,6,0,0,7,0,0,7,0,0,137,0
2022/08/05/09:38:10.003301,1,0,1,3,3,3,3,3,3,0,0,6,0,0,7,0,0,7,0,0,137,0
2022/08/05/09:38:10.115635,1,0,1,3,3,3,3,3,3,0,0,6,0,0,7,0,0,7,0,0,137,0
2022/08/05/09:38:10.231908,1,0,1,3,3,3,3,3,3,0,0,6,0,0,7,0,0,7,0,0,137,0
2022/08/05/09:38:10.343012,1,0,1,3,3,3,3,3,3,0,0,6,0,0,7,0,0,7,0,0,137,0
2022/08/05/09:38:10.454363,1,0,1,3,3,3,3,3,3,0,0,6,0,0,7,0,0,7,0,0,137,0
2022/08/05/09:38:10.568274,1,0,1,3,3,3,3,3,3,0,0,6,0,0,7,0,0,7,0,0,137,0
2022/08/05/09:38:10.682778,1,0,1,3,3,3,3,3,3,0,0,6,0,0,7,0,0,7,0,0,137,0
2022/08/05/09:38:10.796060,1,0,1,3,3,3,3,3,3,0,0,6,0,0,7,0,0,7,0,0,137,0
2022/08/05/09:38:10.911790,1,0,1,3,3,3,3,3,3,0,0,6,0,0,7,0,0,7,0,0,137,0
2022/08/05/09:38:11.024822,1,0,1,3,3,3,3,3,3,0,0,6,0,0,7,0,0,7,0,0,137,0
2022/08/05/09:38:11.143243,1,0,1,3,3,3,3,3,3,0,0,6,0,0,7,0,0,7,0,0,137,0
2022/08/05/09:38:11.255842,1,0,1,3,3,3,3,3,3,0,0,6,0,0,7,0,0,7,0,0,137,0
2022/08/05/09:38:11.367037,1,0,1,3,3,3,3,3,3,0,0,6,0,0,7,0,0,7,0,0,137,0
2022/08/05/09:38:11.509031,1,0,1,3,3,3,3,3,3,0,0,6,0,0,7,0,0,7,0,0,137,0
2022/08/05/09:38:11.624403,1,0,1,3,3,3,3,3,3,0,0,6,0,0,7,0,0,7,0,0,137,0
2022/08/05/09:38:11.738857,1,0,1,3,3,3,3,3,3,0,0,6,0,0,7,0,0,7,0,0,137,0
2022/08/05/09:38:11.851973,1,0,1,3,3,3,3,3,3,0,0,6,0,0,7,0,0,7,0,0,137,0
2022/08/05/09:38:11.964786,1,0,1,3,3,3,3,3,3,0,0,6,0,0,7,0,0,7,0,0,137,0
2022/08/05/09:38:12.079786,1,0,1,3,3,3,3,3,3,0,0,6,0,0,7,0,0,7,0,0,137,0
2022/08/05/09:38:12.197000,1,0,1,3,3,3,3,3,3,0,0,6,0,0,7,0,0,7,0,0,137,0
2022/08/05/09:38:12.307598,1,0,1,3,3,3,3,3,3,0,0,6,0,0,7,0,0,7,0,0,137,0
2022/08/05/09:38:12.417256,1,0,1,3,0,0,0,0,3,0,120,6,1,0,7,1,0,7,1,0,137,0
2022/08/05/09:38:12.529416,1,0,1,3,0,0,0,0,3,0,120,9,2,0,9,2,0,9,2,0,137,0
2022/08/05/09:38:12.641713,1,0,1,3,0,0,0,0,3,0,120,12,2,0,12,2,0,12,2,0,137,0
2022/08/05/09:38:12.755225,1,0,1,3,0,0,0,0,3,0,120,15,2,0,15,2,0,15,2,0,137,0
2022/08/05/09:38:12.868465,1,0,1,3,0,0,0,0,3,0,120,18,2,0,18,2,0,18,2,0,137,0
2022/08/05/09:38:12.981771,1,0,1,3,0,0,0,0,3,0,120,20,2,0,20,2,0,20,2,0,137,0
2022/08/05/09:38:13.093544,1,0,1,3,0,0,0,0,3,0,120,23,2,0,23,2,0,23,2,0,137,0
2022/08/05/09:38:13.205419,1,0,1,3,0,0,0,0,3,0,120,26,2,0,26,2,0,26,2,0,137,0
2022/08/05/09:38:13.318554,1,0,1,3,0,0,0,0,3,0,120,29,2,0,29,2,0,29,2,0,137,0
2022/08/05/09:38:13.431666,1,0,1,3,0,0,0,0,3,0,120,31,2,0,31,2,0,31,2,0,137,0
2022/08/05/09:38:13.544482,1,0,1,3,0,0,0,0,3,0,120,34,2,0,34,2,0,34,2,0,137,0
2022/08/05/09:38:13.657020,1,0,1,3,0,0,0,0,3,0,120,37,2,0,37,2,0,37,2,0,137,0
2022/08/05/09:38:13.769170,1,0,1,3,0,0,0,0,3,0,120,40,2,0,40,2,0,40,2,0,137,0
2022/08/05/09:38:13.885718,1,0,1,3,0,0,0,0,3,0,120,43,2,0,43,2,0,43,2,0,137,0
2022/08/05/09:38:13.997619,1,0,1,3,0,0,0,0,3,0,120,46,2,0,46,2,0,46,2,0,137,0
2022/08/05/09:38:14.111387,1,0,1,3,0,0,0,0,3,0,120,49,2,0,48,2,0,48,2,0,137,0
2022/08/05/09:38:14.224500,1,0,1,3,0,0,0,0,3,0,120,52,2,0,51,2,0,51,2,0,137,0
2022/08/05/09:38:14.336801,1,0,1,3,0,0,0,0,3,0,120,54,2,0,54,2,0,54,2,0,137,0
2022/08/05/09:38:14.448715,1,0,1,3,0,0,0,0,3,0,120,57,2,0,57,2,0,57,2,0,137,0
2022/08/05/09:38:14.560677,1,0,1,3,0,0,0,0,3,0,120,60,2,0,60,2,0,60,2,0,137,0
2022/08/05/09:38:14.677209,1,0,1,3,0,0,0,0,3,0,120,63,2,0,63,2,0,63,3,0,137,0
2022/08/05/09:38:14.793997,1,0,1,3,0,0,0,0,3,0,120,64,24,0,65,12,0,65,11,0,137,0
2022/08/05/09:38:14.905790,1,0,1,3,0,2,2,0,3,0,120,64,0,0,66,0,0,66,0,0,137,0
2022/08/05/09:38:15.023522,1,0,1,3,2,2,2,2,3,0,120,64,0,0,66,0,0,66,0,0,137,0
2022/08/05/09:38:15.151305,1,0,1,3,2,2,2,2,3,0,120,64,0,0,66,0,0,66,0,0,137,0
2022/08/05/09:38:15.287345,1,0,1,3,2,2,2,2,3,0,120,64,0,0,66,0,0,66,0,0,137,0
2022/08/05/09:38:15.451351,1,0,1,3,2,2,2,2,3,0,120,64,0,0,66,0,0,66,0,0,137,0
2022/08/05/09:38:15.564269,1,0,1,3,2,2,2,2,3,0,120,64,0,0,66,0,0,66,0,0,137,0
2022/08/05/09:38:15.677896,1,0,1,3,2,2,2,2,3,0,120,64,0,0,66,0,0,66,0,0,137,0
2022/08/05/09:38:15.794853,1,0,1,3,2,2,2,2,3,0,120,64,0,0,66,0,0,66,0,0,137,0
2022/08/05/09:38:15.942765,1,0,1,3,2,2,2,2,3,0,120,64,0,0,66,0,0,66,0,0,137,0
2022/08/05/09:38:16.086232,1,0,1,3,2,2,2,2,3,0,120,64,0,0,66,0,0,66,0,0,137,0
2022/08/05/09:38:16.281170,1,0,1,3,2,2,2,2,3,0,120,64,0,0,66,0,0,66,0,0,137,0
2022/08/05/09:38:16.408832,1,0,1,3,2,2,2,2,3,0,120,64,0,0,66,0,0,66,0,0,137,0
2022/08/05/09:38:16.542636,1,0,1,3,2,2,2,2,3,0,120,64,0,0,66,0,0,66,0,0,137,0
2022/08/05/09:38:16.654574,1,0,1,3,2,2,2,2,3,0,120,64,0,0,66,0,0,66,0,0,137,0
2022/08/05/09:38:16.764961,1,0,1,3,2,2,2,2,3,0,120,64,0,0,66,0,0,66,0,0,137,0
2022/08/05/09:38:16.875324,1,0,1,3,0,0,0,0,3,0,0,64,2,0,66,1,0,66,1,0,137,0
2022/08/05/09:38:17.004339,1,0,1,3,0,0,0,0,3,0,0,62,2,0,63,2,0,64,2,0,137,0
2022/08/05/09:38:17.119870,1,0,1,3,0,0,0,0,3,0,0,59,2,0,60,2,0,61,2,0,137,0
2022/08/05/09:38:17.249934,1,0,1,3,0,0,0,0,3,0,0,55,2,0,57,2,0,57,2,0,137,0
2022/08/05/09:38:17.371322,1,0,1,3,0,0,0,0,3,0,0,53,2,0,54,2,0,55,2,0,137,0
2022/08/05/09:38:17.489503,1,0,1,3,0,0,0,0,3,0,0,49,2,0,51,2,0,52,2,0,137,0
2022/08/05/09:38:17.602098,1,0,1,3,0,0,0,0,3,0,0,46,2,0,48,2,0,49,2,0,137,0
2022/08/05/09:38:17.718711,1,0,1,3,0,0,0,0,3,0,0,43,2,0,45,2,0,46,2,0,137,0
2022/08/05/09:38:17.830537,1,0,1,3,0,0,0,0,3,0,0,41,2,0,43,2,0,43,2,0,137,0
2022/08/05/09:38:17.942654,1,0,1,3,0,0,0,0,3,0,0,38,2,0,40,2,0,41,2,0,137,0
2022/08/05/09:38:18.059264,1,0,1,3,0,0,0,0,3,0,0,35,2,0,37,2,0,38,2,0,137,0
2022/08/05/09:38:18.170914,1,0,1,3,0,0,0,0,3,0,0,32,2,0,34,2,0,35,2,0,137,0
2022/08/05/09:38:18.297474,1,0,1,3,0,0,0,0,3,0,0,29,2,0,31,2,0,32,2,0,137,0
2022/08/05/09:38:18.412188,1,0,1,3,0,0,0,0,3,0,0,26,2,0,28,2,0,29,2,0,137,0
2022/08/05/09:38:18.610989,1,0,1,3,0,0,0,0,3,0,0,21,2,0,23,2,0,24,2,0,137,0
2022/08/05/09:38:18.723590,1,0,1,3,0,0,0,0,3,0,0,18,2,0,21,2,0,21,2,0,137,0
2022/08/05/09:38:18.834062,1,0,1,3,0,0,0,0,3,0,0,16,2,0,18,2,0,18,2,0,137,0
2022/08/05/09:38:18.960232,1,0,1,3,0,0,0,0,3,0,0,12,2,0,15,2,0,15,2,0,137,0
2022/08/05/09:38:19.072974,1,0,1,3,0,0,0,0,3,0,0,9,2,0,12,2,0,12,2,0,137,0
2022/08/05/09:38:19.187678,1,0,1,3,0,0,0,0,3,0,0,7,2,0,9,2,0,10,2,0,137,0
2022/08/05/09:38:19.309712,1,0,1,3,0,3,3,3,3,0,0,6,0,0,6,0,0,7,0,0,137,0
2022/08/05/09:38:19.421807,1,0,1,3,3,3,3,3,3,0,0,6,0,0,6,0,0,7,0,0,137,0
2022/08/05/09:38:19.535084,1,0,1,3,3,3,3,3,3,0,0,6,0,0,6,0,0,7,0,0,137,0
2022/08/05/09:38:19.647013,1,0,1,3,3,3,3,3,3,0,0,6,0,0,6,0,0,7,0,0,137,0
2022/08/05/09:38:19.773154,1,0,1,3,3,3,3,3,3,0,0,6,0,0,6,0,0,7,0,0,137,0
2022/08/05/09:38:19.890175,1,0,1,3,3,3,3,3,3,0,0,6,0,0,6,0,0,7,0,0,137,0
2022/08/05/09:38:20.003072,1,0,1,3,3,3,3,3,3,0,0,6,0,0,6,0,0,7,0,0,137,0
2022/08/05/09:38:20.117132,1,0,1,3,3,3,3,3,3,0,0,6,0,0,6,0,0,7,0,0,137,0
2022/08/05/09:38:20.229300,1,0,1,3,3,3,3,3,3,0,0,6,0,0,6,0,0,7,0,0,137,0
2022/08/05/09:38:20.356008,1,0,1,3,3,3,3,3,3,0,0,6,0,0,6,0,0,7,0,0,137,0
2022/08/05/09:38:20.471004,1,0,1,3,3,3,3,3,3,0,0,6,0,0,6,0,0,7,0,0,137,0
2022/08/05/09:38:20.582713,1,0,1,3,3,3,3,3,3,0,0,6,0,0,6,0,0,7,0,0,137,0
2022/08/05/09:38:20.698993,1,0,1,3,3,3,3,3,3,0,0,6,0,0,6,0,0,7,0,0,137,0
2022/08/05/09:38:20.818943,1,0,1,3,3,3,3,3,3,0,0,6,0,0,6,0,0,7,0,0,137,0
2022/08/05/09:38:20.944776,1,0,1,3,3,3,3,3,3,0,0,6,0,0,6,0,0,7,0,0,137,0
2022/08/05/09:38:21.057600,1,0,1,3,0,0,0,0,3,0,120,6,1,0,7,1,0,7,1,0,137,0
2022/08/05/09:38:21.166979,1,0,1,3,0,0,0,0,3,0,120,9,2,0,8,2,0,9,2,0,137,0
2022/08/05/09:38:21.278640,1,0,1,3,0,0,0,0,3,0,120,11,2,0,11,2,0,12,2,0,137,0
2022/08/05/09:38:21.407821,1,0,1,3,0,0,0,0,3,0,120,15,2,0,14,2,0,15,2,0,137,0
2022/08/05/09:38:21.521992,1,0,1,3,0,0,0,0,3,0,120,18,2,0,17,2,0,18,2,0,137,0
2022/08/05/09:38:21.630491,1,0,1,3,0,0,0,0,3,0,120,20,2,0,20,2,0,21,2,0,137,0
2022/08/05/09:38:21.739580,1,0,1,3,0,0,0,0,3,0,120,23,2,0,23,2,0,23,2,0,137,0
2022/08/05/09:38:21.882267,1,0,1,3,0,0,0,0,3,0,120,27,2,0,27,2,0,27,2,0,137,0
2022/08/05/09:38:21.996629,1,0,1,3,0,0,0,0,3,0,120,29,2,0,29,2,0,29,2,0,137,0
2022/08/05/09:38:22.122027,1,0,1,3,0,0,0,0,3,0,120,33,2,0,33,2,0,33,2,0,137,0
2022/08/05/09:38:22.273896,1,0,1,3,0,0,0,0,3,0,120,36,2,0,36,2,0,36,2,0,137,0
2022/08/05/09:38:22.409220,1,0,1,3,0,0,0,0,3,0,120,40,2,0,40,2,0,40,2,0,137,0
2022/08/05/09:38:22.523162,1,0,1,3,0,0,0,0,3,0,120,43,2,0,43,2,0,43,2,0,137,0
2022/08/05/09:38:22.638412,1,0,1,3,0,0,0,0,3,0,120,46,2,0,46,2,0,46,2,0,137,0
2022/08/05/09:38:22.750572,1,0,1,3,0,0,0,0,3,0,120,48,2,0,48,2,0,48,2,0,137,0
2022/08/05/09:38:22.892876,1,0,1,3,0,0,0,0,3,0,120,52,2,0,52,2,0,52,2,0,137,0
2022/08/05/09:38:23.008814,1,0,1,3,0,0,0,0,3,0,120,55,2,0,55,2,0,55,2,0,137,0
2022/08/05/09:38:23.129297,1,0,1,3,0,0,0,0,3,0,120,58,2,0,58,2,0,58,2,0,137,0
2022/08/05/09:38:23.262527,1,0,1,3,0,0,0,0,3,0,120,61,2,0,61,2,0,61,2,0,137,0
2022/08/05/09:38:23.404324,1,0,1,3,0,0,0,0,3,0,120,64,11,0,64,6,0,64,7,0,137,0
2022/08/05/09:38:23.520860,1,0,1,3,0,0,0,0,3,0,120,64,29,0,66,22,0,66,19,0,137,0
2022/08/05/09:38:23.640440,1,0,1,3,2,2,2,2,3,0,120,64,0,0,66,0,0,66,0,0,137,0
2022/08/05/09:38:23.756502,1,0,1,3,2,2,2,2,3,0,120,64,0,0,66,0,0,66,0,0,137,0
2022/08/05/09:38:23.867628,1,0,1,3,2,2,2,2,3,0,120,64,0,0,66,0,0,66,0,0,137,0
2022/08/05/09:38:23.980332,1,0,1,3,2,2,2,2,3,0,120,64,0,0,66,0,0,66,0,0,137,0
2022/08/05/09:38:24.093143,1,0,1,3,2,2,2,2,3,0,120,64,0,0,66,0,0,66,0,0,137,0
2022/08/05/09:38:24.217020,1,0,1,3,2,2,2,2,3,0,120,64,0,0,66,0,0,66,0,0,137,0
2022/08/05/09:38:24.328918,1,0,1,3,2,2,2,2,3,0,120,64,0,0,66,0,0,66,0,0,137,0
2022/08/05/09:38:24.445242,1,0,1,3,2,2,2,2,3,0,120,64,0,0,66,0,0,66,0,0,137,0
2022/08/05/09:38:24.557184,1,0,1,3,2,2,2,2,3,0,120,64,0,0,66,0,0,66,0,0,137,0
2022/08/05/09:38:24.669128,1,0,1,3,2,2,2,2,3,0,120,64,0,0,66,0,0,66,0,0,137,0
2022/08/05/09:38:24.778552,1,0,1,3,2,2,2,2,3,0,120,64,0,0,66,0,0,66,0,0,137,0
2022/08/05/09:38:24.889574,1,0,1,3,2,2,2,2,3,0,120,64,0,0,66,0,0,66,0,0,137,0
2022/08/05/09:38:25.013435,1,0,1,3,2,2,2,2,3,0,120,64,0,0,66,0,0,66,0,0,137,0
2022/08/05/09:38:25.134264,1,0,1,3,2,2,2,2,3,0,120,64,0,0,66,0,0,66,0,0,137,0
2022/08/05/09:38:25.263307,1,0,1,3,2,2,2,2,3,0,120,64,0,0,66,0,0,66,0,0,137,0
2022/08/05/09:38:25.403820,1,0,1,3,2,2,2,2,3,0,120,64,0,0,66,0,0,66,0,0,137,0
2022/08/05/09:38:25.526074,1,0,1,3,2,2,2,2,3,0,120,64,0,0,66,0,0,66,0,0,137,0
2022/08/05/09:38:25.650635,1,0,1,3,2,2,2,2,3,0,120,64,0,0,66,0,0,66,0,0,137,0
2022/08/05/09:38:25.761847,1,0,1,3,0,0,0,0,3,0,0,64,2,0,66,2,0,66,1,0,137,0
2022/08/05/09:38:25.879101,1,0,1,3,0,0,0,0,3,0,0,62,2,0,64,2,0,64,2,0,137,0
2022/08/05/09:38:25.998319,1,0,1,3,0,0,0,0,3,0,0,59,2,0,61,2,0,61,2,0,137,0
2022/08/05/09:38:26.113848,1,0,1,3,0,0,0,0,3,0,0,56,2,0,58,2,0,58,2,0,137,0
2022/08/05/09:38:26.238846,1,0,1,3,0,0,0,0,3,0,0,53,2,0,55,2,0,55,2,0,137,0
2022/08/05/09:38:26.350797,1,0,1,3,0,0,0,0,3,0,0,50,2,0,52,2,0,52,2,0,137,0
2022/08/05/09:38:26.482283,1,0,1,3,0,0,0,0,3,0,0,46,2,0,49,2,0,49,2,0,137,0
2022/08/05/09:38:26.612824,1,0,1,3,0,0,0,0,3,0,0,43,2,0,46,2,0,46,2,0,137,0
2022/08/05/09:38:26.739542,1,0,1,3,0,0,0,0,3,0,0,40,2,0,42,2,0,42,2,0,137,0
2022/08/05/09:38:26.871998,1,0,1,3,0,0,0,0,3,0,0,37,2,0,39,2,0,39,2,0,137,0
2022/08/05/09:38:26.987708,1,0,1,3,0,0,0,0,3,0,0,34,2,0,36,2,0,36,2,0,137,0
2022/08/05/09:38:27.100284,1,0,1,3,0,0,0,0,3,0,0,31,2,0,33,2,0,33,2,0,137,0
2022/08/05/09:38:27.236926,1,0,1,3,0,0,0,0,3,0,0,28,2,0,30,2,0,30,2,0,137,0
2022/08/05/09:38:27.354587,1,0,1,3,0,0,0,0,3,0,0,25,2,0,27,2,0,27,2,0,137,0
2022/08/05/09:38:27.493256,1,0,1,3,0,0,0,0,3,0,0,21,2,0,24,2,0,24,2,0,137,0
2022/08/05/09:38:27.618270,1,0,1,3,0,0,0,0,3,0,0,18,2,0,21,2,0,21,2,0,137,0
2022/08/05/09:38:27.753625,1,0,1,3,0,0,0,0,3,0,0,15,3,0,17,2,0,17,2,0,137,0
2022/08/05/09:38:27.863695,1,0,1,3,0,0,0,0,3,0,0,12,2,0,15,2,0,15,2,0,137,0
2022/08/05/09:38:28.004063,1,0,1,3,0,0,0,0,3,0,0,8,2,0,11,2,0,11,2,0,137,0
2022/08/05/09:38:28.114902,1,0,1,3,0,3,0,0,3,0,0,6,0,0,8,2,0,8,2,0,137,0
2022/08/05/09:38:28.222289,1,0,1,3,3,3,3,3,3,0,0,6,0,0,6,0,0,7,0,0,137,0
2022/08/05/09:38:28.336789,1,0,1,3,3,3,3,3,3,0,0,6,0,0,6,0,0,7,0,0,137,0
2022/08/05/09:38:28.468314,1,0,1,3,3,3,3,3,3,0,0,6,0,0,6,0,0,7,0,0,137,0
2022/08/05/09:38:28.614703,1,0,1,3,3,3,3,3,3,0,0,6,0,0,6,0,0,7,0,0,137,0
2022/08/05/09:38:28.745235,1,0,1,3,3,3,3,3,3,0,0,6,0,0,6,0,0,7,0,0,137,0
2022/08/05/09:38:28.855673,1,0,1,3,3,3,3,3,3,0,0,6,0,0,6,0,0,7,0,0,137,0
2022/08/05/09:38:28.977142,1,0,1,3,3,3,3,3,3,0,0,6,0,0,6,0,0,7,0,0,137,0
2022/08/05/09:38:29.125654,1,0,1,3,3,3,3,3,3,0,0,6,0,0,6,0,0,7,0,0,137,0
2022/08/05/09:38:29.237597,1,0,1,3,3,3,3,3,3,0,0,6,0,0,6,0,0,7,0,0,137,0
2022/08/05/09:38:29.346721,1,0,1,3,3,3,3,3,3,0,0,6,0,0,6,0,0,7,0,0,137,0
2022/08/05/09:38:29.455901,1,0,1,3,3,3,3,3,3,0,0,6,0,0,6,0,0,7,0,0,137,0
2022/08/05/09:38:29.567919,1,0,1,3,3,3,3,3,3,0,0,6,0,0,6,0,0,7,0,0,137,0
2022/08/05/09:38:29.693903,1,0,1,3,3,3,3,3,3,0,0,6,0,0,6,0,0,7,0,0,137,0
2022/08/05/09:38:29.814620,1,0,1,3,3,3,3,3,3,0,0,6,0,0,6,0,0,7,0,0,137,0
2022/08/05/09:38:29.953491,1,0,1,3,3,3,3,3,3,0,0,6,0,0,6,0,0,7,0,0,137,0
2022/08/05/09:38:30.066788,1,0,1,3,3,3,3,3,3,0,0,6,0,0,6,0,0,7,0,0,137,0
2022/08/05/09:38:30.177854,1,0,1,3,3,3,3,3,3,0,0,6,0,0,6,0,0,7,0,0,137,0
2022/08/05/09:38:30.287174,1,0,1,3,3,3,3,3,3,0,0,6,0,0,6,0,0,7,0,0,137,0
2022/08/05/09:38:30.410439,1,0,1,3,3,3,3,3,3,0,0,6,0,0,6,0,0,7,0,0,137,0
2022/08/05/09:38:30.525919,1,0,1,3,3,3,3,3,3,0,0,6,0,0,6,0,0,7,0,0,137,0
2022/08/05/09:38:30.650044,1,0,1,3,3,3,3,3,3,0,0,6,0,0,6,0,0,7,0,0,137,0
2022/08/05/09:38:30.761231,1,0,1,3,3,3,3,3,3,0,0,6,0,0,6,0,0,7,0,0,137,0
2022/08/05/09:38:30.896512,1,0,1,3,3,3,3,3,3,0,0,6,0,0,6,0,0,7,0,0,137,0
2022/08/05/09:38:31.016527,1,0,1,3,3,3,3,3,3,0,0,6,0,0,6,0,0,7,0,0,137,0
2022/08/05/09:38:31.125911,1,0,1,3,3,3,3,3,3,0,0,6,0,0,6,0,0,7,0,0,137,0
2022/08/05/09:38:31.268317,1,0,1,3,3,3,3,3,3,0,0,6,0,0,6,0,0,7,0,0,137,0
2022/08/05/09:38:31.397707,1,0,1,3,3,3,3,3,3,0,0,6,0,0,6,0,0,7,0,0,137,0
2022/08/05/09:38:31.506392,1,0,1,3,3,3,3,3,3,0,0,6,0,0,6,0,0,7,0,0,137,0
2022/08/05/09:38:31.626895,1,0,1,3,3,3,3,3,3,0,0,6,0,0,6,0,0,7,0,0,137,0
2022/08/05/09:38:31.770118,1,0,1,3,3,3,3,3,3,0,0,6,0,0,6,0,0,7,0,0,137,0
2022/08/05/09:38:31.881988,1,0,1,3,3,3,3,3,3,0,0,6,0,0,6,0,0,7,0,0,137,0
2022/08/05/09:38:31.993237,1,0,1,3,3,3,3,3,3,0,0,6,0,0,6,0,0,7,0,0,137,0
2022/08/05/09:38:32.104610,1,0,1,3,3,3,3,3,3,0,0,6,0,0,6,0,0,7,0,0,137,0
2022/08/05/09:38:32.217707,1,0,1,3,3,3,3,3,3,0,0,6,0,0,6,0,0,7,0,0,137,0
2022/08/05/09:38:32.329678,1,0,1,3,3,3,3,3,3,0,0,6,0,0,6,0,0,7,0,0,137,0
2022/08/05/09:38:32.439664,1,0,1,3,0,0,0,0,3,0,120,6,2,0,6,0,0,7,3,0,137,0
2022/08/05/09:38:32.554037,1,0,1,3,0,0,0,0,3,0,120,9,2,0,8,2,0,9,2,0,137,0
2022/08/05/09:38:32.665266,1,0,1,3,0,0,0,0,3,0,120,11,2,0,11,2,0,12,2,0,137,0
2022/08/05/09:38:32.777277,1,0,1,3,0,0,0,0,3,0,120,14,2,0,14,2,0,14,2,0,137,0
2022/08/05/09:38:32.893341,1,0,1,3,0,0,0,0,3,0,120,17,2,0,17,2,0,17,2,0,137,0
2022/08/05/09:38:33.005620,1,0,1,3,0,0,0,0,3,0,120,20,2,0,20,2,0,20,2,0,137,0
2022/08/05/09:38:33.117356,1,0,1,3,0,0,0,0,3,0,120,23,2,0,23,2,0,23,2,0,137,0
2022/08/05/09:38:33.243916,1,0,1,3,0,0,0,0,3,0,120,26,2,0,26,2,0,26,2,0,137,0
2022/08/05/09:38:33.361183,1,0,1,3,0,0,0,0,3,0,120,29,2,0,29,2,0,29,2,0,137,0
2022/08/05/09:38:33.473462,1,0,1,3,0,0,0,0,3,0,120,32,2,0,32,2,0,32,2,0,137,0
2022/08/05/09:38:33.585006,1,0,1,3,0,0,0,0,3,0,120,34,2,0,34,2,0,34,2,0,137,0
2022/08/05/09:38:33.698193,1,0,1,3,0,0,0,0,3,0,120,37,2,0,37,2,0,37,2,0,137,0
2022/08/05/09:38:33.811594,1,0,1,3,0,0,0,0,3,0,120,40,2,0,40,2,0,40,2,0,137,0
2022/08/05/09:38:33.923759,1,0,1,3,0,0,0,0,3,0,120,43,2,0,43,2,0,43,2,0,137,0
2022/08/05/09:38:34.036287,1,0,1,3,0,0,0,0,3,0,120,46,2,0,46,2,0,46,2,0,137,0
2022/08/05/09:38:34.148644,1,0,1,3,0,0,0,0,3,0,120,49,2,0,48,2,0,48,2,0,137,0
2022/08/05/09:38:34.261501,1,0,1,3,0,0,0,0,3,0,120,51,2,0,51,2,0,51,2,0,137,0
2022/08/05/09:38:34.374364,1,0,1,3,0,0,0,0,3,0,120,54,2,0,54,2,0,54,2,0,137,0
2022/08/05/09:38:34.487298,1,0,1,3,0,0,0,0,3,0,120,57,2,0,57,2,0,57,2,0,137,0
2022/08/05/09:38:34.598891,1,0,1,3,0,0,0,0,3,0,120,60,2,0,60,2,0,60,2,0,137,0
2022/08/05/09:38:34.711785,1,0,1,3,0,0,0,0,3,0,120,63,2,0,63,2,0,63,2,0,137,0
2022/08/05/09:38:34.824083,1,0,1,3,0,0,0,0,3,0,120,64,22,0,65,11,0,65,9,0,137,0
2022/08/05/09:38:34.936496,1,0,1,3,0,2,0,0,3,0,120,64,0,0,66,27,0,66,20,0,137,0
2022/08/05/09:38:35.044927,1,0,1,3,2,2,2,2,3,0,120,64,0,0,66,0,0,67,0,0,137,0
2022/08/05/09:38:35.153240,1,0,1,3,2,2,2,2,3,0,120,64,0,0,66,0,0,67,0,0,137,0
2022/08/05/09:38:35.264424,1,0,1,3,2,2,2,2,3,0,120,64,0,0,66,0,0,67,0,0,137,0
2022/08/05/09:38:35.377526,1,0,1,3,2,2,2,2,3,0,120,64,0,0,66,0,0,67,0,0,137,0
2022/08/05/09:38:35.490369,1,0,1,3,2,2,2,2,3,0,120,64,0,0,66,0,0,67,0,0,137,0
2022/08/05/09:38:35.604064,1,0,1,3,2,2,2,2,3,0,120,64,0,0,66,0,0,67,0,0,137,0
2022/08/05/09:38:35.718813,1,0,1,3,2,2,2,2,3,0,120,64,0,0,66,0,0,67,0,0,137,0
2022/08/05/09:38:35.838427,1,0,1,3,2,2,2,2,3,0,120,64,0,0,66,0,0,67,0,0,137,0
2022/08/05/09:38:35.964671,1,0,1,3,2,2,2,2,3,0,120,64,0,0,66,0,0,67,0,0,137,0
2022/08/05/09:38:36.094834,1,0,1,3,2,2,2,2,3,0,120,64,0,0,66,0,0,67,0,0,137,0
2022/08/05/09:38:36.223566,1,0,1,3,2,2,2,2,3,0,120,64,0,0,66,0,0,67,0,0,137,0
2022/08/05/09:38:36.357975,1,0,1,3,2,2,2,2,3,0,120,64,0,0,66,0,0,67,0,0,137,0
2022/08/05/09:38:36.470537,1,0,1,3,2,2,2,2,3,0,120,64,0,0,66,0,0,67,0,0,137,0
2022/08/05/09:38:36.578934,1,0,1,3,2,2,2,2,3,0,120,64,0,0,66,0,0,67,0,0,137,0
2022/08/05/09:38:36.688545,1,0,1,3,2,2,2,2,3,0,120,64,0,0,66,0,0,67,0,0,137,0
2022/08/05/09:38:36.809537,1,0,1,3,0,0,0,0,3,0,0,64,3,0,66,3,0,66,3,0,137,0
2022/08/05/09:38:36.927854,1,0,1,3,0,0,0,0,3,0,0,62,2,0,64,2,0,64,2,0,137,0
2022/08/05/09:38:37.044599,1,0,1,3,0,0,0,0,3,0,0,59,2,0,61,2,0,61,2,0,137,0
2022/08/05/09:38:37.173357,1,0,1,3,0,0,0,0,3,0,0,55,2,0,58,2,0,58,2,0,137,0
2022/08/05/09:38:37.286724,1,0,1,3,0,0,0,0,3,0,0,52,2,0,55,2,0,55,2,0,137,0
2022/08/05/09:38:37.400537,1,0,1,3,0,0,0,0,3,0,0,50,2,0,52,2,0,52,2,0,137,0
2022/08/05/09:38:37.514971,1,0,1,3,0,0,0,0,3,0,0,47,2,0,49,2,0,49,2,0,137,0
2022/08/05/09:38:37.631507,1,0,1,3,0,0,0,0,3,0,0,44,2,0,46,2,0,46,2,0,137,0
2022/08/05/09:38:37.747516,1,0,1,3,0,0,0,0,3,0,0,41,2,0,43,2,0,43,2,0,137,0
2022/08/05/09:38:37.858801,1,0,1,3,0,0,0,0,3,0,0,38,2,0,41,2,0,41,2,0,137,0
2022/08/05/09:38:37.971955,1,0,1,3,0,0,0,0,3,0,0,35,2,0,38,2,0,38,2,0,137,0
2022/08/05/09:38:38.082667,1,0,1,3,0,0,0,0,3,0,0,32,2,0,35,2,0,35,2,0,137,0
2022/08/05/09:38:38.196376,1,0,1,3,0,0,0,0,3,0,0,29,2,0,32,2,0,32,2,0,137,0
2022/08/05/09:38:38.329301,1,0,1,3,0,0,0,0,3,0,0,26,2,0,29,2,0,29,2,0,137,0
2022/08/05/09:38:38.446470,1,0,1,3,0,0,0,0,3,0,0,23,2,0,26,2,0,26,2,0,137,0
2022/08/05/09:38:38.558063,1,0,1,3,0,0,0,0,3,0,0,21,2,0,23,2,0,24,2,0,137,0
2022/08/05/09:38:38.670720,1,0,1,3,0,0,0,0,3,0,0,18,2,0,21,2,0,21,2,0,137,0
2022/08/05/09:38:38.783134,1,0,1,3,0,0,0,0,3,0,0,15,2,0,18,2,0,18,2,0,137,0
2022/08/05/09:38:38.894660,1,0,1,3,0,0,0,0,3,0,0,12,2,0,15,2,0,15,2,0,137,0
2022/08/05/09:38:39.009818,1,0,1,3,0,0,0,0,3,0,0,9,2,0,12,2,0,12,2,0,137,0
2022/08/05/09:38:39.121543,1,0,1,3,0,3,0,0,3,0,0,7,0,0,9,2,0,9,2,0,137,0
2022/08/05/09:38:39.231152,1,0,1,3,0,3,0,0,3,0,0,6,0,0,7,2,0,7,2,0,137,0
2022/08/05/09:38:39.340231,1,0,1,3,3,3,3,3,3,0,0,6,0,0,7,0,0,7,0,0,137,0
2022/08/05/09:38:39.448688,1,0,1,3,3,3,3,3,3,0,0,6,0,0,7,0,0,7,0,0,137,0
2022/08/05/09:38:39.559622,1,0,1,3,3,3,3,3,3,0,0,6,0,0,7,0,0,7,0,0,137,0
2022/08/05/09:38:39.676179,1,0,1,3,3,3,3,3,3,0,0,6,0,0,7,0,0,7,0,0,137,0
2022/08/05/09:38:39.791263,1,0,1,3,3,3,3,3,3,0,0,6,0,0,7,0,0,7,0,0,137,0
2022/08/05/09:38:39.904237,1,0,1,3,3,3,3,3,3,0,0,6,0,0,7,0,0,7,0,0,137,0
2022/08/05/09:38:40.013860,1,0,1,3,3,3,3,3,3,0,0,6,0,0,7,0,0,7,0,0,137,0
2022/08/05/09:38:40.129277,1,0,1,3,3,3,3,3,3,0,0,6,0,0,7,0,0,7,0,0,137,0
2022/08/05/09:38:40.242316,1,0,1,3,3,3,3,3,3,0,0,6,0,0,7,0,0,7,0,0,137,0
2022/08/05/09:38:40.357746,1,0,1,3,3,3,3,3,3,0,0,6,0,0,7,0,0,7,0,0,137,0
2022/08/05/09:38:40.470904,1,0,1,3,3,3,3,3,3,0,0,6,0,0,7,0,0,7,0,0,137,0
2022/08/05/09:38:40.584253,1,0,1,3,3,3,3,3,3,0,0,6,0,0,7,0,0,7,0,0,137,0
2022/08/05/09:38:40.714816,1,0,1,3,3,3,3,3,3,0,0,6,0,0,7,0,0,7,0,0,137,0
2022/08/05/09:38:40.835668,1,0,1,3,3,3,3,3,3,0,0,6,0,0,7,0,0,7,0,0,137,0
2022/08/05/09:38:40.949499,1,0,1,3,3,3,3,3,3,0,0,6,0,0,7,0,0,7,0,0,137,0
2022/08/05/09:38:41.063627,1,0,1,3,3,3,3,3,3,0,0,6,0,0,7,0,0,7,0,0,137,0
2022/08/05/09:38:41.184882,1,0,1,3,3,3,3,3,3,0,0,6,0,0,7,0,0,7,0,0,137,0
2022/08/05/09:38:41.299629,1,0,1,3,3,3,3,3,3,0,0,6,0,0,7,0,0,7,0,0,137,0
